step	loss	sharpness
0	0.314120	3.877679
1	0.303368	3.870976
2	0.300298	3.863235
3	0.298532	3.873247
4	0.297448	3.867745
5	0.296709	3.878479
6	0.296161	3.872725
7	0.295712	3.881892
8	0.295324	3.876475
9	0.294969	3.884335
10	0.294638	3.880001
11	0.294321	3.887119
12	0.294016	3.884278
13	0.293719	3.891101
14	0.293428	3.889894
15	0.293141	3.896728
16	0.292857	3.897153
17	0.292575	3.904212
18	0.292293	3.906203
19	0.292010	3.913642
20	0.291726	3.917121
21	0.291438	3.925059
22	0.291146	3.929953
23	0.290849	3.938491
24	0.290546	3.944745
25	0.290235	3.953970
26	0.289916	3.961552
27	0.289587	3.971546
28	0.289247	3.980445
29	0.288896	3.991287
30	0.288530	4.001516
31	0.288150	4.013281
32	0.287754	4.024877
33	0.287341	4.037642
34	0.286908	4.050662
35	0.286454	4.064503
36	0.285978	4.079030
37	0.285478	4.094022
38	0.284952	4.110162
39	0.284398	4.126375
40	0.283814	4.144265
41	0.283199	4.161754
42	0.282552	4.181563
43	0.281870	4.200359
44	0.281154	4.222297
45	0.280405	4.242379
46	0.279624	4.266704
47	0.278818	4.287952
48	0.277995	4.314978
49	0.277174	4.337086
50	0.276385	4.367183
51	0.275677	4.389473
52	0.275136	4.423026
53	0.274903	4.444061
54	0.275211	4.481282
55	0.276469	4.497973
56	0.279308	4.538179
57	0.284843	4.543558
58	0.294557	4.582480
59	0.310797	4.559334
60	0.334860	4.578942
61	0.366858	4.481370
62	0.396632	4.424178
63	0.411314	4.168718
64	0.391534	3.995525
65	0.352749	3.674577
66	0.309900	3.585619
67	0.282177	3.451029
68	0.265067	3.486449
69	0.255287	3.476529
70	0.248718	3.541897
71	0.243749	3.574487
72	0.239433	3.644028
73	0.235386	3.692641
74	0.231410	3.763705
75	0.227408	3.820371
76	0.223340	3.893592
77	0.219184	3.955326
78	0.214938	4.031445
79	0.210606	4.096597
80	0.206204	4.176213
81	0.201755	4.243277
82	0.197300	4.327074
83	0.192902	4.394013
84	0.188674	4.483221
85	0.184823	4.546609
86	0.181738	4.643962
87	0.180248	4.697340
88	0.181994	4.809225
89	0.190750	4.840130
90	0.213813	4.980107
91	0.267384	4.966030
92	0.370805	5.131864
93	0.539191	4.971978
94	0.651919	4.874007
95	0.599335	4.108874
96	0.342676	3.708072
97	0.228734	3.403711
98	0.180180	3.410273
99	0.164097	3.366017
100	0.154715	3.425478
101	0.147933	3.423234
102	0.142058	3.458670
103	0.136709	3.493262
104	0.131706	3.541029
105	0.126989	3.655280
106	0.122522	3.771043
107	0.118291	3.878194
108	0.114283	3.989750
109	0.110493	4.069174
110	0.106913	4.165551
111	0.103543	4.231386
112	0.100378	4.318477
113	0.097424	4.376104
114	0.094687	4.457396
115	0.092196	4.508422
116	0.089998	4.585584
117	0.088211	4.631245
118	0.087048	4.704426
119	0.087013	4.748457
120	0.089068	4.814780
121	0.095459	4.870320
122	0.110635	4.919687
123	0.144307	5.026485
124	0.214042	5.031517
125	0.342897	5.240022
126	0.533098	5.096358
127	0.663276	5.078766
128	0.565663	4.636534
129	0.343240	4.263940
130	0.176467	4.224318
131	0.128506	4.063172
132	0.106880	4.185831
133	0.099607	4.047013
134	0.094760	4.205364
135	0.092455	4.044884
136	0.090400	4.227749
137	0.089732	4.038100
138	0.088818	4.246659
139	0.089334	4.023281
140	0.089154	4.260188
141	0.090738	3.998671
142	0.090994	4.267178
143	0.093505	3.962853
144	0.093794	4.270677
145	0.096936	3.919165
146	0.096712	4.285129
147	0.099992	3.893943
148	0.098684	4.327817
149	0.101532	3.927377
150	0.098815	4.392465
151	0.100874	3.999638
152	0.096940	4.460863
153	0.098400	4.073897
154	0.094023	4.525135
155	0.095830	4.140296
156	0.092257	4.585303
157	0.096303	4.196581
158	0.095237	4.642091
159	0.104823	4.240286
160	0.108570	4.690829
161	0.128787	4.270222
162	0.138965	4.710923
163	0.173240	4.287118
164	0.183419	4.650142
165	0.218959	4.281550
166	0.208070	4.446403
167	0.213725	4.191124
168	0.179327	4.154911
169	0.157901	4.139049
170	0.129415	3.939973
171	0.109828	4.063404
172	0.095666	3.840401
173	0.084789	4.009708
174	0.078387	3.800963
175	0.072658	3.946853
176	0.069453	3.790923
177	0.066142	3.829876
178	0.064282	3.812804
179	0.062153	3.740925
180	0.060951	3.866594
181	0.059490	3.834606
182	0.058693	3.935083
183	0.057692	3.947719
184	0.057224	4.004532
185	0.056623	4.026594
186	0.056502	4.071093
187	0.056344	4.084675
188	0.056674	4.135014
189	0.057115	4.131143
190	0.058120	4.197048
191	0.059486	4.169042
192	0.061571	4.257271
193	0.064469	4.197885
194	0.068300	4.314332
195	0.073727	4.214741
196	0.080191	4.364101
197	0.089427	4.214693
198	0.099018	4.397108
199	0.112562	4.191676
200	0.123405	4.395853
201	0.138179	4.140487
202	0.143774	4.339017
203	0.151706	4.056422
204	0.145164	4.224118
205	0.140931	3.888245
206	0.125463	4.089333
207	0.114496	3.583392
208	0.099701	3.983751
209	0.089696	3.597254
210	0.079780	3.925394
211	0.073087	3.631028
212	0.067248	3.908921
213	0.063191	3.715603
214	0.059816	3.924546
215	0.057405	3.817337
216	0.055438	3.961775
217	0.054049	3.902381
218	0.052953	4.010608
219	0.052281	3.970674
220	0.051833	4.064096
221	0.051792	4.027719
222	0.051962	4.118445
223	0.052634	4.076446
224	0.053551	4.171496
225	0.055185	4.117307
226	0.057136	4.221351
227	0.060188	4.148983
228	0.063622	4.265331
229	0.068751	4.168782
230	0.074157	4.298893
231	0.082004	4.172982
232	0.089410	4.314421
233	0.099802	4.157653
234	0.107679	4.301014
235	0.118214	4.120338
236	0.122692	4.248736
237	0.128583	4.061479
238	0.125793	4.160170
239	0.123830	3.980127
240	0.114679	4.058850
241	0.107208	3.869765
242	0.096675	3.975814
243	0.088457	3.781461
244	0.080086	3.927808
245	0.073676	3.779385
246	0.068050	3.914847
247	0.063716	3.826113
248	0.060180	3.929024
249	0.057433	3.882945
250	0.055298	3.960447
251	0.053671	3.936493
252	0.052497	4.000583
253	0.051711	3.984536
254	0.051280	4.043680
255	0.051220	4.027160
256	0.051470	4.086258
257	0.052152	4.064213
258	0.053135	4.125996
259	0.054680	4.094927
260	0.056530	4.160848
261	0.059141	4.117978
262	0.062023	4.188446
263	0.065907	4.131614
264	0.069889	4.205692
265	0.075072	4.133895
266	0.079874	4.208691
267	0.085867	4.123199
268	0.090550	4.193486
269	0.096053	4.099046
270	0.099022	4.158263
271	0.102195	4.062965
272	0.102012	4.106560
273	0.101642	4.018788
274	0.098238	4.048550
275	0.094786	3.972757
276	0.089583	3.997298
277	0.084720	3.934739
278	0.079419	3.962426
279	0.074682	3.915242
280	0.070268	3.946992
281	0.066408	3.916445
282	0.063126	3.948776
283	0.060289	3.932287
284	0.058025	3.963099
285	0.056098	3.955709
286	0.054662	3.985070
287	0.053492	3.981928
288	0.052730	4.010690
289	0.052201	4.008137
290	0.052016	4.037041
291	0.052064	4.032605
292	0.052410	4.062024
293	0.053014	4.054098
294	0.053881	4.084022
295	0.055044	4.071600
296	0.056429	4.101645
297	0.058147	4.084205
298	0.060019	4.113581
299	0.062239	4.091115
300	0.064494	4.118590
301	0.067055	4.091733
302	0.069459	4.115665
303	0.072050	4.085840
304	0.074229	4.104395
305	0.076396	4.073827
306	0.077905	4.085444
307	0.079175	4.056886
308	0.079654	4.060920
309	0.079729	4.037057
310	0.079084	4.034249
311	0.077990	4.017018
312	0.076434	4.009387
313	0.074497	3.999624
314	0.072432	3.989703
315	0.070101	3.987236
316	0.067932	3.977139
317	0.065600	3.981094
318	0.063616	3.972033
319	0.061537	3.981106
320	0.059889	3.973496
321	0.058182	3.986202
322	0.056921	3.979990
323	0.055618	3.994897
324	0.054741	3.989817
325	0.053829	4.005724
326	0.053311	4.001414
327	0.052760	4.017423
328	0.052570	4.013467
329	0.052346	4.028982
330	0.052455	4.024918
331	0.052526	4.039608
332	0.052904	4.034931
333	0.053235	4.048685
334	0.053851	4.042853
335	0.054400	4.055746
336	0.055211	4.048194
337	0.055925	4.060462
338	0.056874	4.050619
339	0.057678	4.062643
340	0.058690	4.049977
341	0.059492	4.062263
342	0.060473	4.046337
343	0.061168	4.059474
344	0.062017	4.040018
345	0.062500	4.054627
346	0.063128	4.031605
347	0.063316	4.048261
348	0.063659	4.021910
349	0.063510	4.041059
350	0.063550	4.011877
351	0.063073	4.033776
352	0.062835	4.002449
353	0.062083	4.027133
354	0.061631	3.994426
355	0.060686	4.021728
356	0.060100	3.988359
357	0.059056	4.017955
358	0.058415	3.984505
359	0.057358	4.015983
360	0.056731	3.982842
361	0.055725	4.015768
362	0.055164	3.983137
363	0.054256	4.017103
364	0.053793	3.985015
365	0.053009	4.019680
366	0.052664	3.988039
367	0.052016	4.023145
368	0.051795	3.991766
369	0.051283	4.027139
370	0.051188	3.995779
371	0.050805	4.031328
372	0.050827	3.999716
373	0.050562	4.035418
374	0.050693	4.003274
375	0.050529	4.039164
376	0.050755	4.006216
377	0.050674	4.042374
378	0.050978	4.008369
379	0.050958	4.044905
380	0.051321	4.009627
381	0.051340	4.046671
382	0.051740	4.009946
383	0.051772	4.047635
384	0.052187	4.009344
385	0.052206	4.047810
386	0.052613	4.007896
387	0.052597	4.047258
388	0.052974	4.005730
389	0.052902	4.046083
390	0.053231	4.003013
391	0.053088	4.044422
392	0.053356	3.999943
393	0.053133	4.042437
394	0.053333	3.996728
395	0.053030	4.040298
396	0.053160	3.993571
397	0.052782	4.038173
398	0.052848	3.990654
399	0.052405	4.036212
400	0.052418	3.988120
401	0.051926	4.034539
402	0.051897	3.986072
403	0.051373	4.033240
404	0.051318	3.984563
405	0.050779	4.032367
406	0.050711	3.983601
407	0.050173	4.031935
408	0.050105	3.983157
409	0.049581	4.031925
410	0.049525	3.983170
411	0.049024	4.032294
412	0.048989	3.983559
413	0.048519	4.032982
414	0.048511	3.984230
415	0.048075	4.033914
416	0.048098	3.985086
417	0.047700	4.035012
418	0.047755	3.986032
419	0.047393	4.036201
420	0.047481	3.986984
421	0.047153	4.037406
422	0.047272	3.987865
423	0.046974	4.038565
424	0.047121	3.988614
425	0.046850	4.039623
426	0.047022	3.989186
427	0.046771	4.040536
428	0.046963	3.989549
429	0.046727	4.041275
430	0.046934	3.989686
431	0.046707	4.041822
432	0.046924	3.989596
433	0.046700	4.042169
434	0.046922	3.989289
435	0.046695	4.042321
436	0.046918	3.988786
437	0.046684	4.042291
438	0.046902	3.988119
439	0.046657	4.042102
440	0.046867	3.987322
441	0.046609	4.041782
442	0.046808	3.986436
443	0.046533	4.041362
444	0.046720	3.985503
445	0.046429	4.040877
446	0.046602	3.984562
447	0.046295	4.040361
448	0.046454	3.983650
449	0.046132	4.039846
450	0.046278	3.982799
451	0.045944	4.039361
452	0.046078	3.982034
453	0.045733	4.038930
454	0.045858	3.981374
455	0.045506	4.038571
456	0.045623	3.980828
457	0.045267	4.038297
458	0.045379	3.980401
459	0.045021	4.038115
460	0.045131	3.980091
461	0.044775	4.038027
462	0.044884	3.979889
463	0.044531	4.038028
464	0.044642	3.979784
465	0.044295	4.038111
466	0.044410	3.979759
467	0.044070	4.038265
468	0.044189	3.979798
469	0.043858	4.038477
470	0.043983	3.979882
471	0.043660	4.038734
472	0.043792	3.979993
473	0.043478	4.039019
474	0.043618	3.980114
475	0.043312	4.039319
476	0.043458	3.980230
477	0.043161	4.039621
478	0.043314	3.980328
479	0.043024	4.039911
480	0.043183	3.980396
481	0.042899	4.040180
482	0.043064	3.980427
483	0.042786	4.040420
484	0.042955	3.980415
485	0.042681	4.040623
486	0.042854	3.980358
487	0.042583	4.040788
488	0.042759	3.980255
489	0.042489	4.040910
490	0.042668	3.980107
491	0.042399	4.040991
492	0.042578	3.979920
493	0.042309	4.041033
494	0.042488	3.979698
495	0.042218	4.041038
496	0.042397	3.979447
497	0.042125	4.041011
498	0.042302	3.979175
499	0.042028	4.040958
500	0.042204	3.978888
501	0.041928	4.040885
502	0.042101	3.978595
503	0.041823	4.040797
504	0.041994	3.978302
505	0.041713	4.040702
506	0.041881	3.978015
507	0.041599	4.040604
508	0.041765	3.977741
509	0.041480	4.040509
510	0.041644	3.977483
511	0.041358	4.040422
512	0.041520	3.977246
513	0.041232	4.040346
514	0.041393	3.977031
515	0.041105	4.040285
516	0.041264	3.976839
517	0.040976	4.040241
518	0.041135	3.976672
519	0.040847	4.040214
520	0.041005	3.976528
521	0.040719	4.040205
522	0.040876	3.976406
523	0.040591	4.040214
524	0.040749	3.976304
525	0.040465	4.040239
526	0.040624	3.976219
527	0.040342	4.040278
528	0.040502	3.976148
529	0.040222	4.040331
530	0.040383	3.976088
531	0.040105	4.040394
532	0.040267	3.976036
533	0.039992	4.040465
534	0.040155	3.975989
535	0.039883	4.040541
536	0.040047	3.975943
537	0.039777	4.040619
538	0.039943	3.975897
539	0.039675	4.040698
540	0.039842	3.975848
541	0.039576	4.040776
542	0.039744	3.975793
543	0.039480	4.040849
544	0.039650	3.975733
545	0.039387	4.040918
546	0.039558	3.975665
547	0.039297	4.040980
548	0.039469	3.975589
549	0.039209	4.041035
550	0.039381	3.975506
551	0.039123	4.041082
552	0.039296	3.975414
553	0.039038	4.041120
554	0.039211	3.975315
555	0.038954	4.041151
556	0.039128	3.975210
557	0.038871	4.041175
558	0.039045	3.975098
559	0.038788	4.041191
560	0.038962	3.974983
561	0.038706	4.041201
562	0.038879	3.974864
563	0.038623	4.041206
564	0.038797	3.974743
565	0.038541	4.041207
566	0.038714	3.974621
567	0.038458	4.041204
568	0.038631	3.974500
569	0.038375	4.041199
570	0.038548	3.974380
571	0.038292	4.041193
572	0.038464	3.974263
573	0.038209	4.041187
574	0.038380	3.974149
575	0.038125	4.041182
576	0.038296	3.974039
577	0.038041	4.041178
578	0.038212	3.973934
579	0.037957	4.041176
580	0.038128	3.973833
581	0.037874	4.041176
582	0.038044	3.973738
583	0.037791	4.041179
584	0.037961	3.973647
585	0.037708	4.041186
586	0.037878	3.973561
587	0.037625	4.041196
588	0.037795	3.973480
589	0.037543	4.041208
590	0.037713	3.973403
591	0.037462	4.041224
592	0.037632	3.973330
593	0.037382	4.041242
594	0.037552	3.973261
595	0.037303	4.041263
596	0.037473	3.973194
597	0.037225	4.041286
598	0.037395	3.973129
599	0.037148	4.041311
600	0.037319	3.973066
